{
  "project_info": {
    "project_number": "1082517685506",
    "firebase_url": "https://safetraffic-d3e12-default-rtdb.firebaseio.com",
    "project_id": "safetraffic-d3e12",
    "storage_bucket": "safetraffic-d3e12.appspot.com"
  },
  "client": [
    {
      "client_info": {
        "mobilesdk_app_id": "1:1082517685506:android:69b5a9f83e722ef3d72e1b",
        "android_client_info": {
          "package_name": "com.volkan.safetraffic"
        }
      },
      "oauth_client": [],
      "api_key": [
        {
          "current_key": "AIzaSyAUKlqkXXnHEsD28AWRetuHMXFMRqK86fY"
        }
      ],
      "services": {
        "appinvite_service": {
          "other_platform_oauth_client": []
        }
      }
    }
  ],
  "configuration_version": "1"
}